brand_clean,avg_rating,avg_sentiment,recommendation_rate,review_count,positive_sentiment_pct,affinity_score
Carson-Dellosa Publishing,5.0,0.998,100.0,1,100.0,0.999
Healthy Skoop,5.0,0.996,100.0,1,100.0,0.999
Bebe Au Lait,5.0,0.998,100.0,1,100.0,0.999
Haagen-Dazs,5.0,0.993,100.0,2,100.0,0.998
Timekeeper,5.0,0.993,100.0,1,100.0,0.998
Black Radiance,5.0,0.994,100.0,1,100.0,0.998
Happy Family,5.0,0.993,100.0,9,100.0,0.998
Honey Bunches Of Oats,5.0,0.989,100.0,1,100.0,0.997
Season Seafood,5.0,0.99,100.0,1,100.0,0.997
Inc International Concepts,5.0,0.991,100.0,1,100.0,0.997
Hex Performance,5.0,0.99,100.0,4,100.0,0.997
Smooth 'N Shine,5.0,0.99,100.0,2,100.0,0.997
Peppa Pig,5.0,0.989,100.0,2,100.0,0.997
Creative Converting,5.0,0.99,100.0,1,100.0,0.997
Fangio Lighting,5.0,0.986,100.0,1,100.0,0.996
Rizzy Home,5.0,0.986,100.0,1,100.0,0.996
Sanrio,5.0,0.986,100.0,1,100.0,0.996
Smart Start,5.0,0.983,100.0,4,100.0,0.995
Porcelana,5.0,0.983,100.0,1,100.0,0.995
Stonyfield,5.0,0.982,100.0,1,100.0,0.995
Hunter Fan,5.0,0.979,100.0,2,100.0,0.994
Wet N Wild,5.0,0.976,100.0,2,100.0,0.993
Walkers,5.0,0.978,100.0,1,100.0,0.993
Hagerty,5.0,0.975,100.0,2,100.0,0.992
Tramontina,5.0,0.974,100.0,4,100.0,0.992
Swingline,5.0,0.975,100.0,3,100.0,0.992
Noosa,5.0,0.974,100.0,1,100.0,0.992
Lynk,5.0,0.969,100.0,3,100.0,0.991
Guardian,5.0,0.969,100.0,1,100.0,0.991
4C Foods,5.0,0.964,100.0,6,100.0,0.989
Citrus Magic,5.0,0.962,100.0,1,100.0,0.989
Hubba Bubba,5.0,0.964,100.0,1,100.0,0.989
La Tortilla Factory,5.0,0.964,100.0,1,100.0,0.989
Body Fantasies,5.0,0.964,100.0,1,100.0,0.989
Wilton,5.0,0.964,100.0,1,100.0,0.989
Jack Link'S,5.0,0.964,100.0,3,100.0,0.989
Pacific Natural Foods,5.0,0.96,100.0,1,100.0,0.988
Amy'S,5.0,0.961,100.0,1,100.0,0.988
Fiskars,5.0,0.958,100.0,5,100.0,0.987
Every Man Jack,5.0,0.958,100.0,1,100.0,0.987
Era,4.909,0.974,100.0,11,100.0,0.987
Ruffles,5.0,0.954,100.0,2,100.0,0.986
Imagine Foods,5.0,0.954,100.0,1,100.0,0.986
Tillamook,5.0,0.953,100.0,6,100.0,0.986
Isoplus,5.0,0.95,100.0,3,100.0,0.985
Rc Cola,5.0,0.948,100.0,2,100.0,0.984
Idahoan,4.909,0.965,100.0,11,100.0,0.984
American Greetings,5.0,0.947,100.0,2,100.0,0.984
Southern Enterprises,5.0,0.948,100.0,1,100.0,0.984
Sinful,4.875,0.97,100.0,8,100.0,0.983
Voortman,5.0,0.942,100.0,4,100.0,0.983
Calvin Klein,5.0,0.942,100.0,2,100.0,0.983
Eagle Brand,4.867,0.955,100.0,15,100.0,0.979
Black Opal,5.0,0.928,100.0,1,100.0,0.978
Wish-Bone,4.8,0.949,100.0,5,100.0,0.973
All-Bran,4.909,0.926,100.0,11,100.0,0.972
Concept Housewares,4.75,0.954,100.0,8,100.0,0.971
Clorox,4.825,0.947,99.075,10700,99.64,0.97
Avery,4.886,0.951,97.468,316,99.68,0.968
Eggo,4.778,0.933,100.0,27,100.0,0.967
Mgm,4.667,0.948,100.0,3,100.0,0.964
Ambi,4.75,0.93,100.0,4,100.0,0.964
Umgd,4.697,0.933,100.0,33,96.97,0.962
Hidden Valley,4.8,0.911,100.0,5,100.0,0.961
Universal Studios Home Entert.,4.757,0.939,98.571,70,98.57,0.961
Bounce,4.897,0.938,96.552,87,98.85,0.961
Bisquick,4.798,0.925,98.99,99,98.99,0.961
Cream Of Wheat,4.946,0.949,94.643,56,100.0,0.96
Disney,4.723,0.937,98.212,3692,98.54,0.957
Planters,4.833,0.923,97.619,42,97.62,0.957
Heinz,5.0,0.854,100.0,1,100.0,0.956
Summer'S Eve,4.833,0.921,97.222,36,97.22,0.955
Fiber One,4.821,0.925,96.429,28,96.43,0.952
Lionsgate,4.74,0.929,97.261,1351,97.63,0.952
Smead,4.81,0.94,95.041,121,98.35,0.951
Quilted Northern,4.826,0.926,95.83,1439,97.98,0.951
Cinnamon Toast Crunch,4.787,0.92,96.85,127,96.85,0.951
Spam,4.625,0.91,100.0,8,100.0,0.95
Benadryl,4.698,0.925,97.674,43,100.0,0.95
Cococare,4.667,0.896,100.0,3,100.0,0.949
Musselman'S,4.625,0.904,100.0,8,100.0,0.949
Kikkoman,4.6,0.906,100.0,5,100.0,0.948
Plum Organics,4.5,0.928,100.0,2,100.0,0.948
Universal Home Video,4.664,0.927,97.184,6178,97.3,0.947
Krusteaz,4.875,0.93,93.75,16,93.75,0.946
Jolly Time,4.704,0.925,96.296,27,96.3,0.945
Paramount Pictures,4.579,0.922,98.171,328,98.17,0.944
Australian Gold,4.919,0.927,91.892,37,100.0,0.941
Chester'S,4.81,0.918,93.855,179,96.65,0.939
Cheetos,4.733,0.917,95.0,60,95.0,0.939
Caribou Coffee,4.429,0.912,100.0,7,100.0,0.939
Warner Music Group,4.693,0.915,95.122,205,96.1,0.937
Hawaiian Punch,4.705,0.908,95.455,88,96.59,0.937
Caress,4.676,0.912,95.588,68,94.12,0.937
Summit Entertainment,4.579,0.913,96.833,821,97.2,0.936
Lemi Shine,4.794,0.916,92.908,423,97.16,0.934
Keri,4.68,0.894,96.0,25,96.0,0.933
Nature Valley,4.73,0.914,93.651,63,95.24,0.933
Nesco,4.9,0.927,90.0,10,100.0,0.932
International Delight,4.746,0.917,92.537,67,98.51,0.93
Vaseline,4.744,0.92,91.86,258,96.12,0.928
Starbucks Coffee,4.688,0.902,93.75,32,93.75,0.927
Warner Bros.,4.539,0.904,95.417,1920,95.78,0.925
Neato Robotics,4.333,0.883,100.0,3,100.0,0.925
Kiss,4.411,0.912,96.619,562,96.8,0.925
Jergens,4.778,0.941,88.889,9,100.0,0.925
Roommates,4.667,0.925,91.667,12,91.67,0.924
Canada Dry,4.698,0.894,93.023,43,95.35,0.922
Tostitos,4.624,0.889,94.425,287,94.77,0.922
The Laundress,4.667,0.938,88.889,9,100.0,0.917
Nutri-Grain,4.531,0.898,93.75,32,96.88,0.916
Coty,4.629,0.893,92.453,159,92.45,0.915
Cerave,4.65,0.887,92.5,40,92.5,0.915
Universal Music,4.629,0.901,91.429,35,94.29,0.914
Target.Com Use Only,4.523,0.893,93.051,331,96.07,0.911
Mrs. Smith'S,4.636,0.896,90.909,11,90.91,0.911
Anchor Bay,4.767,0.922,86.667,30,100.0,0.909
Baby Jogger,4.0,0.895,100.0,1,100.0,0.908
Curel,4.519,0.888,92.593,81,95.06,0.908
Care Free Curl,4.846,0.917,84.615,13,100.0,0.904
Organic Root Stimulator,4.0,0.872,100.0,1,100.0,0.902
Starbucks,4.857,0.892,85.714,7,85.71,0.902
Anti Monkey Butt,4.855,0.889,85.507,69,97.1,0.9
Sobe,4.0,0.868,100.0,1,100.0,0.9
Sony Music,4.686,0.903,86.939,245,96.33,0.9
Snyder'S Of Hanover,4.0,0.863,100.0,4,100.0,0.899
Ocean Potion,4.0,0.86,100.0,2,100.0,0.898
Iman,4.235,0.884,94.118,17,94.12,0.896
Ragu,4.483,0.864,91.667,60,91.67,0.895
Softsoap,4.539,0.875,90.071,141,90.78,0.895
Teamson,4.0,0.85,100.0,1,100.0,0.895
Pearhead,4.0,0.846,100.0,1,100.0,0.894
Warner Home Video,4.35,0.868,93.123,3330,93.36,0.894
Lionsgate Home Entertainment,4.417,0.872,91.667,48,95.83,0.893
Wheat Thins,4.5,0.856,91.667,12,91.67,0.893
Ben & Jerry'S,4.818,0.92,81.818,11,100.0,0.892
Bestway,4.75,0.855,87.5,8,87.5,0.892
Herr'S,4.0,0.837,100.0,1,100.0,0.891
Lumisource,4.645,0.877,87.097,31,90.32,0.89
Mars,4.6,0.842,90.0,10,90.0,0.889
Stander,4.692,0.894,84.615,13,100.0,0.888
Air Wick,4.636,0.881,86.364,22,100.0,0.888
Africa'S Best,4.444,0.863,88.889,9,88.89,0.881
Nivea,4.577,0.88,85.135,222,91.89,0.879
Simple Green,5.0,0.923,75.0,4,100.0,0.877
Power Crunch,4.475,0.858,87.5,40,87.5,0.876
Conair,4.519,0.87,86.076,79,92.41,0.876
Chex,4.379,0.85,89.655,29,89.66,0.876
Sony Pictures,4.357,0.848,89.82,2161,90.14,0.875
Yes To Carrots,4.667,0.894,81.818,66,92.42,0.875
Burt'S Bees,4.63,0.891,82.28,965,95.23,0.874
Tresemme,4.448,0.848,86.207,58,87.93,0.866
Finish,4.605,0.879,81.395,43,93.02,0.866
Chobani,4.4,0.833,88.0,25,88.0,0.866
Pendaflex,4.166,0.848,90.489,368,95.38,0.866
Storkcraft,4.237,0.85,88.346,266,89.1,0.863
Wea,4.308,0.836,87.692,65,87.69,0.86
Orajel,4.475,0.834,85.246,61,88.52,0.86
Bumble Bee,4.364,0.838,86.364,22,86.36,0.859
Chips Ahoy,4.408,0.834,85.915,71,87.32,0.858
Tree Hut,4.31,0.843,86.207,29,86.21,0.856
Aussie,4.253,0.848,86.316,95,86.32,0.855
Criterion Collection Inc,4.923,0.909,71.795,39,100.0,0.855
Universal,4.25,0.833,87.5,8,87.5,0.855
Just For Men,4.19,0.83,88.702,416,91.83,0.855
Murray Cookies,4.5,0.831,83.333,6,83.33,0.853
Sabra,4.385,0.837,84.615,13,84.62,0.853
Bengay,4.222,0.813,88.889,9,88.89,0.853
Bedtime Originals,4.333,0.852,83.333,6,83.33,0.849
Ore International,4.75,0.873,75.0,4,100.0,0.847
Honeywell,4.29,0.84,83.871,310,86.77,0.845
Fox,4.108,0.819,87.75,4498,87.91,0.843
Meguiars,4.831,0.877,70.769,65,96.92,0.836
Cuisinart,4.388,0.85,78.448,116,92.24,0.832
Foodsaver,4.31,0.817,81.261,587,83.99,0.829
Nyx,4.658,0.88,71.171,111,95.5,0.828
Hormel,4.183,0.797,84.064,251,85.26,0.826
Progresso,4.172,0.812,82.759,29,82.76,0.825
Sony,4.159,0.804,82.703,370,83.24,0.822
Milani,4.083,0.808,83.333,24,83.33,0.821
Newman'S Own,4.091,0.797,81.818,11,81.82,0.812
J.R. Watkins,4.5,0.869,70.0,10,90.0,0.811
Neutrogena,4.129,0.802,80.198,101,81.19,0.809
Mrs. Meyer'S,4.612,0.867,67.5,80,95.0,0.807
Super Poligrip,4.583,0.824,70.833,24,91.67,0.806
General Electric,4.25,0.834,75.0,4,75.0,0.805
Annie'S,4.5,0.839,70.0,10,90.0,0.802
Suave,4.135,0.797,78.475,223,80.27,0.801
Alera,3.0,0.737,100.0,1,100.0,0.801
Lady Mitchum,4.424,0.812,72.727,33,84.85,0.8
Windex,4.129,0.78,79.31,348,80.46,0.799
Lysol,4.369,0.81,73.214,336,86.01,0.798
Kraus,4.784,0.872,62.162,37,97.3,0.797
Jerdon,4.111,0.783,77.778,9,77.78,0.793
Opti-Free,4.254,0.787,75.446,224,83.04,0.793
Johnson'S,3.812,0.766,81.25,16,81.25,0.784
Colorbok,4.0,0.777,76.923,13,76.92,0.781
Jla Home,4.444,0.824,66.667,9,88.89,0.781
Stacy'S,4.269,0.773,73.077,26,76.92,0.78
Yes To Grapefruit,3.846,0.767,79.487,39,82.05,0.779
Ogx,4.789,0.867,57.895,38,100.0,0.779
One Grace Place,4.0,0.798,75.0,4,100.0,0.779
Touch Of Color,3.0,0.66,100.0,1,100.0,0.778
Vornado,4.182,0.783,72.727,22,77.27,0.777
Maaya Home,4.333,0.833,66.667,27,88.89,0.777
Kenroy Home,4.0,0.786,75.0,4,75.0,0.776
Banana Boat,4.216,0.804,70.27,74,86.49,0.775
Pantene,4.24,0.8,69.466,655,87.94,0.772
Physician'S Formula,4.5,0.825,63.636,22,86.36,0.772
Baby Banana,4.684,0.86,57.895,19,94.74,0.771
Lean Cuisine,4.01,0.766,75.248,101,77.23,0.771
Head & Shoulders,4.308,0.827,65.664,565,92.39,0.769
Nielsen,3.583,0.725,83.333,12,83.33,0.766
Almay,4.571,0.827,60.714,28,89.29,0.765
Nojo,4.0,0.745,75.0,8,75.0,0.764
Bareminerals,5.0,0.871,50.0,2,100.0,0.761
Nordic Games,3.5,0.717,83.333,12,83.33,0.758
Adesso,5.0,0.857,50.0,2,100.0,0.757
Pioneer,4.167,0.787,66.667,12,83.33,0.753
Kind,4.5,0.81,60.0,30,86.67,0.753
Reynolds,5.0,0.836,50.0,2,100.0,0.751
Oxiclean,3.877,0.769,71.739,138,76.81,0.75
Coola,5.0,0.833,50.0,2,100.0,0.75
Vicks,4.356,0.779,63.366,101,86.14,0.749
Biore,4.4,0.799,60.0,40,87.5,0.744
L'Oreal Paris,4.418,0.822,57.795,4971,92.88,0.743
Arrid,3.944,0.71,72.222,18,72.22,0.739
Ortega,5.0,0.773,50.0,2,100.0,0.732
Idesign,4.842,0.829,47.368,19,100.0,0.729
Tide,4.168,0.774,61.497,5384,84.08,0.728
Creme Of Nature,3.917,0.753,66.667,12,75.0,0.728
Sc252Nci,4.2,0.77,60.0,10,70.0,0.723
Maple Grove Farms Of Vermont,4.5,0.83,50.0,2,100.0,0.719
J. Hunt,5.0,0.853,40.0,5,100.0,0.716
Hoover,4.398,0.797,52.957,372,87.37,0.715
Maranatha,3.947,0.726,63.158,19,78.95,0.707
Samsung,3.759,0.69,68.293,328,68.6,0.706
Tai Pei,3.7,0.68,70.0,20,70.0,0.706
Chips Deluxe,4.0,0.652,66.667,3,66.67,0.702
Wild Planet,4.875,0.836,37.5,8,100.0,0.693
Solo Foods,4.462,0.779,46.154,13,92.31,0.686
Hollywood Beauty,4.333,0.755,50.0,6,83.33,0.686
Early California,4.294,0.771,47.059,17,88.24,0.677
Shea Moisture,4.376,0.773,43.564,101,87.13,0.669
Nearly Natural,4.0,0.753,50.0,10,80.0,0.666
Safavieh,4.0,0.755,50.0,6,100.0,0.666
Baxton Studio,4.0,0.736,50.0,2,50.0,0.661
Trend,3.333,0.634,66.667,6,66.67,0.657
Biotene,3.808,0.697,54.237,177,76.84,0.655
Delta Faucet,4.417,0.782,37.5,24,91.67,0.65
Ust,4.667,0.778,33.333,9,88.89,0.647
Attwood,3.333,0.599,66.667,6,66.67,0.646
Soft Scrub,4.375,0.757,37.5,8,87.5,0.64
Mitchum,4.364,0.737,36.364,11,81.82,0.628
International Concepts,4.75,0.792,25.0,4,100.0,0.623
Tom'S Of Maine,4.63,0.788,25.926,27,96.3,0.618
La Tourangelle,4.75,0.752,25.0,4,100.0,0.611
Nature'S Path,4.429,0.765,28.571,7,100.0,0.61
Sea Gull Lighting,4.429,0.757,28.571,7,85.71,0.607
Universal Home Entertainment,5.0,0.798,16.667,12,100.0,0.606
Pleasant Hearth,4.357,0.755,29.464,112,88.39,0.606
The Seaweed Bath Co.,4.111,0.734,33.333,9,77.78,0.6
Warner Manufacturing,4.286,0.763,28.571,7,100.0,0.6
Yosemite Home Decor,1.0,0.448,100.0,1,0.0,0.594
Petmaker,4.5,0.741,25.0,4,100.0,0.592
Wagan,3.0,0.575,60.0,5,60.0,0.592
Chi,4.857,0.799,14.286,14,100.0,0.588
Brownline,5.0,0.738,16.667,6,100.0,0.588
Tim Holtz,5.0,0.753,14.286,7,100.0,0.583
No Brand,4.0,0.688,33.333,3,66.67,0.58
J.A. Henckels,3.889,0.699,33.333,9,88.89,0.576
Olay,4.194,0.737,24.561,3420,90.44,0.571
Holmes,3.5,0.619,43.75,32,65.62,0.571
Skittles,3.0,0.599,50.0,4,50.0,0.56
Biokleen,4.625,0.765,12.5,8,100.0,0.557
Lite Source,3.5,0.652,37.5,8,62.5,0.556
Aveeno,3.808,0.669,30.543,442,71.27,0.551
American Atelier,3.84,0.68,28.0,25,84.0,0.546
Zyliss,4.644,0.747,10.169,59,93.22,0.543
Sizzix,4.889,0.747,5.556,18,100.0,0.54
Jnh Lifestyles,5.0,0.799,0.0,1,100.0,0.54
Hortense B. Hewitt,5.0,0.792,0.0,1,100.0,0.538
Cantu,5.0,0.789,0.0,4,100.0,0.537
Bodycology,5.0,0.786,0.0,1,100.0,0.536
Uttermost,5.0,0.787,0.0,2,100.0,0.536
Mineral Fusion,5.0,0.785,0.0,1,100.0,0.536
Herbatint,5.0,0.782,0.0,2,100.0,0.535
Jake And The Neverland Pirates,5.0,0.783,0.0,1,100.0,0.535
Yardley,5.0,0.782,0.0,1,100.0,0.535
Barielle,5.0,0.781,0.0,8,100.0,0.534
Naturtint,5.0,0.78,0.0,5,100.0,0.534
Palladio,5.0,0.779,0.0,1,100.0,0.534
E.L.F.,5.0,0.778,0.0,1,100.0,0.533
The Honest Company,4.512,0.749,9.302,43,90.7,0.533
Gain,4.333,0.687,16.667,6,100.0,0.533
On-Stage,5.0,0.774,0.0,2,100.0,0.532
Batherapy,5.0,0.774,0.0,2,100.0,0.532
Clearly Natural,5.0,0.771,0.0,3,100.0,0.531
Alberto Vo5,5.0,0.771,0.0,3,100.0,0.531
Mission Foods,5.0,0.767,0.0,2,100.0,0.53
Bosch,5.0,0.757,0.0,1,100.0,0.527
Mill Creek,4.6,0.749,6.667,15,93.33,0.527
Suzie'S,5.0,0.749,0.0,1,100.0,0.525
Pinaud,5.0,0.747,0.0,7,100.0,0.524
Clear Scalp & Hair Therapy,2.817,0.578,45.093,377,48.81,0.523
Colorganics,4.889,0.759,0.0,9,100.0,0.521
Sc Johnson,4.875,0.755,0.0,8,100.0,0.519
Axe,4.254,0.718,11.864,59,93.22,0.518
Lundberg,4.772,0.747,1.408,426,96.48,0.516
Simply Shabby Chic,4.75,0.76,0.0,12,100.0,0.513
Weather Tech,4.833,0.744,0.0,12,100.0,0.513
Better Built,4.917,0.726,0.0,12,100.0,0.513
Obagi,4.9,0.724,0.0,10,100.0,0.511
Reebok,4.8,0.744,0.0,5,100.0,0.511
Sloan Valve Company,5.0,0.7,0.0,1,100.0,0.51
Chesapeake Merch Inc,5.0,0.7,0.0,1,100.0,0.51
Michelin,4.909,0.715,0.0,11,100.0,0.509
Badger,4.8,0.734,0.0,5,100.0,0.508
Metzeler,4.769,0.727,0.0,13,92.31,0.504
Stauffer'S,4.733,0.734,0.0,15,93.33,0.504
Weleda,4.625,0.752,0.0,8,87.5,0.503
Dermalogica,4.733,0.726,0.0,15,93.33,0.502
Kohler,4.75,0.721,0.0,8,100.0,0.501
Queen Helene,3.812,0.655,18.75,16,75.0,0.5
Attitude,3.833,0.664,16.667,6,100.0,0.496
Rubbermaid,2.801,0.527,42.187,1939,45.07,0.495
Baxter Of California,4.625,0.724,0.0,8,100.0,0.495
Lush Decor,4.706,0.71,0.0,17,94.12,0.495
American Crew,4.391,0.694,4.348,23,91.3,0.489
Pirate'S Booty,4.5,0.725,0.0,2,100.0,0.488
Stridex,4.579,0.708,0.0,19,89.47,0.487
Beanitos,4.5,0.715,0.0,4,100.0,0.485
Northwest,4.5,0.714,0.0,8,100.0,0.484
Caldrea,4.5,0.702,0.0,2,100.0,0.481
Teenage Mutant Ninja Turtles,4.4,0.72,0.0,5,80.0,0.48
Soothing Touch,4.5,0.699,0.0,6,83.33,0.48
Maybelline,3.613,0.63,17.655,742,68.87,0.476
Honeybee Gardens,4.333,0.717,0.0,3,100.0,0.475
Karaoke Usa,2.6,0.522,40.0,5,40.0,0.473
Cetaphil,3.537,0.637,16.667,54,68.52,0.47
D-Con,2.571,0.475,42.857,7,42.86,0.468
Swann,3.333,0.429,33.333,3,33.33,0.462
Sally Hansen,3.546,0.615,15.966,119,67.23,0.461
Hugo Naturals,4.273,0.671,0.0,11,90.91,0.458
Trend Lab,4.154,0.688,0.0,13,92.31,0.456
Juice Beauty,4.133,0.69,0.0,60,90.0,0.455
Schwarzkopf,4.1,0.675,0.0,10,80.0,0.448
Plano,4.2,0.65,0.0,5,80.0,0.447
Advantage,4.0,0.691,0.0,3,100.0,0.447
Klondike,3.2,0.576,20.0,5,60.0,0.445
Fan Mats,4.0,0.675,0.0,1,100.0,0.442
Covergirl,3.967,0.65,0.0,30,83.33,0.433
K-Y,2.519,0.447,37.037,27,40.74,0.433
Scotty,4.0,0.627,0.0,1,100.0,0.428
Way Basics,3.818,0.639,0.0,11,72.73,0.421
Ldr,4.0,0.6,0.0,1,100.0,0.42
Rubbermaid Lock-Its,2.429,0.525,28.571,14,28.57,0.418
Oxy,3.833,0.623,0.0,12,58.33,0.417
Home Health,3.75,0.636,0.0,4,50.0,0.416
Keebler,3.647,0.624,0.0,34,67.65,0.406
South Shore,3.5,0.637,0.0,6,83.33,0.401
Cal Lighting,4.0,0.538,0.0,1,100.0,0.401
John Frieda,3.5,0.636,0.0,2,50.0,0.401
Moom,3.6,0.603,0.0,5,80.0,0.397
Lay'S,3.667,0.566,0.0,6,66.67,0.39
Olivella,3.333,0.601,0.0,3,66.67,0.38
Sebastian,3.5,0.55,0.0,2,50.0,0.375
Olly,3.179,0.56,3.571,28,60.71,0.373
Suncoat,3.4,0.558,0.0,5,80.0,0.371
Newman'S Own Organics,3.333,0.541,0.0,6,50.0,0.362
Mario Badescu,3.0,0.544,0.0,5,60.0,0.343
Nourish Organic,3.0,0.48,0.0,3,33.33,0.324
Peak,3.0,0.469,0.0,1,0.0,0.321
Istarusa,3.0,0.451,0.0,1,0.0,0.315
Natralia,3.0,0.437,0.0,1,0.0,0.311
Feit,2.667,0.484,0.0,9,33.33,0.305
Cheez-It,2.0,0.485,0.0,1,0.0,0.265
Pillow Perfect,2.0,0.46,0.0,1,0.0,0.258
Toy Story,2.0,0.402,0.0,4,0.0,0.241
Ecotrin,2.0,0.36,0.0,1,0.0,0.228
Nexxus,1.55,0.28,12.29,773,13.2,0.226
Lucy'S,2.0,0.283,0.0,1,0.0,0.205
Udi'S,1.0,0.386,0.0,1,0.0,0.176
Fit System,1.0,0.336,0.0,1,0.0,0.161
No-Ad,1.0,0.3,0.0,1,0.0,0.15
Gone Fishing,1.0,0.294,0.0,1,0.0,0.148
National Mfg.,1.0,0.228,0.0,1,0.0,0.128
Horizon,1.0,0.212,0.0,1,0.0,0.124
Dremel,1.0,0.162,0.0,1,0.0,0.109
Nordicware,1.0,0.1,0.0,1,0.0,0.09
