brand_clean,category_level_1,avg_rating,avg_sentiment,recommendation_rate,review_count,positive_count,negative_count,base_score,recommendation_score
4C Foods,Food,5.0,0.964,100.0,6,6,0,0.8339545041252793,1.0
Adesso,Home,5.0,0.857,50.0,2,2,0,0.6385010406292841,0.7885010406292842
Advantage,Home,4.0,0.691,0.0,3,3,0,0.4033514061761714,0.20335140617617137
Africa'S Best,Personal Care,4.444,0.863,88.889,9,8,1,0.7554448354598418,0.8054448354598418
Air Wick,Household Essentials,4.636,0.881,86.364,22,22,0,0.7803556783901884,0.9303556783901884
Alberto Vo5,Personal Care,5.0,0.771,0.0,3,3,0,0.47335140617617133,0.3733514061761713
Alera,Furniture,3.0,0.737,100.0,1,1,0,0.6495507030880857,0.7495507030880857
All-Bran,Food,4.909,0.926,100.0,11,11,0,0.8318024468054557,1.0
Almay,Personal Care,4.571,0.827,60.714,28,25,1,0.69177252481401,0.84177252481401
Ambi,Personal Care,4.75,0.93,100.0,4,4,0,0.805527132371756,1.0
American Atelier,Holiday Shop,3.84,0.68,28.0,25,21,2,0.517920032510722,0.31792003251072204
American Crew,Personal Care,4.391,0.694,4.348,23,21,0,0.47624714989354133,0.2762471498935413
American Greetings,Holiday Shop,5.0,0.947,100.0,2,2,0,0.8110010406292842,1.0
Amy'S,Food & Beverage,5.0,0.961,100.0,1,1,0,0.8055507030880856,1.0
Anchor Bay,Movies,4.767,0.922,86.667,30,30,0,0.8046536867853191,0.9546536867853191
Annie'S,Food,4.5,0.839,70.0,10,9,0,0.6976817360503049,0.847681736050305
Anti Monkey Butt,Personal Care,4.855,0.889,85.507,69,67,1,0.8153033395851211,0.9653033395851212
Arrid,Personal Care,3.944,0.71,72.222,18,13,4,0.6563622776229103,0.5563622776229104
Attitude,Household Chemicals,3.833,0.664,16.667,6,6,0,0.4506055041252794,0.2506055041252794
Attwood,Sports & Outdoors,3.333,0.599,66.667,6,4,2,0.5593555041252793,0.5593555041252793
Aussie,Personal Care,4.253,0.848,86.316,95,82,7,0.7843525560697127,0.7343525560697127
Australian Gold,Personal Care,4.919,0.927,91.892,37,37,0,0.8336729807109962,0.9836729807109962
Aveeno,Personal Care,3.808,0.669,30.543,442,315,72,0.583789973156778,0.283789973156778
Avery,Office,4.886,0.951,97.46,315,314,0,0.9014836837364198,1.0
Avery,School & Office Supplies,5.0,0.999,100.0,1,1,0,0.8150507030880857,1.0
Axe,Personal Care,4.254,0.718,11.864,59,55,3,0.5181715791772116,0.21817157917721156
Baby Banana,Gift Finder,4.684,0.86,57.895,19,18,0,0.6890135385479274,0.8390135385479274
Baby Jogger,Baby,4.0,0.895,100.0,1,1,0,0.7390507030880857,0.8890507030880858
Badger,Personal Care,4.8,0.734,0.0,5,5,0,0.4630517437173699,0.36305174371736987
Banana Boat,Personal Care,4.216,0.804,70.27,74,64,7,0.7179153053727962,0.6679153053727963
Bareminerals,Personal Care,5.0,0.871,50.0,2,2,0,0.6420010406292842,0.7920010406292842
Barielle,Personal Care,5.0,0.781,0.0,8,8,0,0.49375208125856845,0.3937520812585685
Batherapy,Personal Care,5.0,0.774,0.0,2,2,0,0.46775104062928424,0.36775104062928426
Baxter Of California,Personal Care,4.625,0.724,0.0,8,8,0,0.4607520812585684,0.36075208125856845
Baxton Studio,Furniture,4.0,0.736,50.0,2,1,0,0.5582510406292842,0.5582510406292842
Beanitos,Food,4.5,0.715,0.0,4,4,0,0.439277132371756,0.339277132371756
Bebe Au Lait,Baby,5.0,0.998,100.0,1,1,0,0.8148007030880857,1.0
Bedtime Originals,Baby,4.333,0.852,83.333,6,5,1,0.7226035041252793,0.7726035041252793
Ben & Jerry'S,Food,4.818,0.92,81.818,11,11,0,0.7712064468054556,0.9212064468054556
Benadryl,Health,4.698,0.925,97.674,43,43,0,0.8427051422264764,0.9927051422264764
Bengay,Personal Care,4.222,0.813,88.889,9,8,1,0.7318448354598417,0.7818448354598417
Bestway,Sports & Outdoors,4.75,0.855,87.5,8,7,1,0.7622520812585685,0.9122520812585685
Better Built,Auto & Tires,4.917,0.726,0.0,12,12,0,0.4839693294226364,0.38396932942263634
Biokleen,Household Chemicals,4.625,0.765,12.5,8,8,0,0.5085020812585684,0.4085020812585684
Biore,Personal Care,4.4,0.799,60.0,40,35,2,0.6817243125016397,0.6817243125016397
Biotene,Personal Care,3.808,0.697,54.237,177,136,31,0.641744977592893,0.541744977592893
Bisquick,Food & Beverage,4.798,0.925,98.99,99,98,0,0.8697756709196834,1.0
Black Opal,Personal Care,5.0,0.928,100.0,1,1,0,0.7973007030880858,1.0
Black Radiance,Personal Care,5.0,0.994,100.0,1,1,0,0.8138007030880857,1.0
Body Fantasies,Personal Care,5.0,0.964,100.0,1,1,0,0.8063007030880857,1.0
Bodycology,Personal Care,5.0,0.786,0.0,1,1,0,0.4618007030880857,0.3618007030880857
Bosch,Home Improvement,5.0,0.757,0.0,1,1,0,0.4545507030880857,0.35455070308808573
Bounce,Household Chemicals,4.897,0.938,96.552,87,86,1,0.8678398453145622,1.0
Brownline,School & Office Supplies,5.0,0.738,16.667,6,6,0,0.5274555041252793,0.4274555041252793
Bumble Bee,Food,4.364,0.838,86.364,22,19,2,0.7560056783901885,0.8060056783901886
Burt'S Bees,Personal Care,4.63,0.891,82.28,965,919,26,0.8528099262328377,0.9028099262328376
Cal Lighting,Home,4.0,0.538,0.0,1,1,0,0.3498007030880857,0.14980070308808568
Caldrea,Household Chemicals,4.5,0.702,0.0,2,2,0,0.4247510406292842,0.3247510406292842
Calvin Klein,Personal Care,5.0,0.942,100.0,2,2,0,0.8097510406292842,1.0
Canada Dry,Food & Beverage,4.698,0.894,93.023,43,41,1,0.8210021422264764,0.9710021422264764
Cantu,Beauty,5.0,0.789,0.0,4,4,0,0.482777132371756,0.382777132371756
Care Free Curl,Personal Care,4.846,0.917,84.615,13,13,0,0.7836502072133651,0.9336502072133651
Caress,Personal Care,4.676,0.912,95.588,68,64,2,0.8420287190194727,0.9920287190194728
Caribou Coffee,Food & Beverage,4.429,0.912,100.0,7,7,0,0.795352109264257,0.9453521092642571
Carson-Dellosa Publishing,School & Office Supplies,5.0,0.998,100.0,1,1,0,0.8148007030880857,1.0
Cerave,Beauty,4.467,0.844,86.667,15,13,2,0.7555538123523426,0.8055538123523427
Cerave,Personal Care,4.76,0.913,96.0,25,24,1,0.8261700325107221,0.9761700325107221
Cetaphil,Beauty,3.404,0.596,4.255,47,30,8,0.41741885298162695,0.11741885298162694
Cetaphil,Personal Care,4.429,0.906,100.0,7,7,0,0.7938521092642571,0.9438521092642571
Cheetos,Food,4.733,0.917,95.0,60,57,2,0.8416444510954735,0.9916444510954735
Cheez-It,Food,2.0,0.485,0.0,1,0,0,0.23655070308808568,0.03655070308808567
Chesapeake Merch Inc,Home,5.0,0.7,0.0,1,1,0,0.44030070308808567,0.34030070308808563
Chester'S,Food,4.81,0.918,93.855,179,173,4,0.8661956198064958,0.9161956198064959
Chex,Food,4.379,0.85,89.655,29,26,2,0.7754938760891259,0.8254938760891259
Chi,Personal Care,4.857,0.799,14.286,14,14,0,0.5452361730010402,0.4452361730010402
Chips Ahoy,Food & Beverage,4.408,0.834,85.915,71,62,7,0.7810491905228254,0.7310491905228255
Chips Deluxe,Food,4.0,0.652,66.667,3,2,1,0.5936024061761713,0.5936024061761713
Chobani,Food & Beverage,4.4,0.833,88.0,25,22,3,0.7641700325107221,0.7141700325107222
Cinnamon Toast Crunch,Food,4.787,0.92,96.85,127,123,1,0.8670049216165998,1.0
Citrus Magic,Household Chemicals,5.0,0.962,100.0,1,1,0,0.8058007030880857,1.0
Clear Scalp & Hair Therapy,Personal Care,2.817,0.578,45.093,377,184,115,0.5516373291012178,0.2516373291012177
Clearly Natural,Personal Care,5.0,0.771,0.0,3,3,0,0.47335140617617133,0.3733514061761713
Clorox,Household Chemicals,4.842,0.947,97.851,2094,2079,10,0.9412115952715763,0.9912115952715764
Clorox,Household Essentials,4.821,0.947,99.373,8606,8583,11,0.975919,1.0
Cococare,Personal Care,4.667,0.896,100.0,3,3,0,0.7879514061761713,1.0
Colorbok,Home,4.0,0.777,76.923,13,10,2,0.6832742072133651,0.6832742072133651
Colorganics,Personal Care,4.889,0.759,0.0,9,9,0,0.48502783545984174,0.3850278354598417
Conair,Beauty,4.519,0.87,86.076,79,73,5,0.7984079447240988,0.8484079447240989
Concept Housewares,Kitchen & Dining,4.75,0.954,100.0,8,8,0,0.8245020812585685,1.0
Coola,Personal Care,5.0,0.833,50.0,2,2,0,0.6325010406292841,0.7825010406292842
Coty,Personal Care,4.629,0.893,92.453,159,147,10,0.8440896478121844,0.8940896478121845
Covergirl,Personal Care,3.967,0.65,0.0,30,25,2,0.4366526867853192,0.2366526867853192
Cream Of Wheat,Food,4.946,0.949,94.643,56,56,0,0.8577263182521946,1.0
Creative Converting,Party Supplies,5.0,0.99,100.0,1,1,0,0.8128007030880857,1.0
Creme Of Nature,Personal Care,3.917,0.753,66.667,12,9,2,0.6407203294226363,0.6407203294226363
Criterion Collection Inc,Movies,4.923,0.909,71.795,39,39,0,0.770214241636013,0.9202142416360131
Cuisinart,Kitchen & Dining,4.388,0.85,78.448,116,107,6,0.7723654106812048,0.7223654106812049
Curel,Personal Care,4.519,0.888,92.593,81,77,3,0.8230040155897254,0.8730040155897254
D-Con,Household Essentials,2.571,0.475,42.857,7,3,4,0.42177310926425704,0.12177310926425702
Delta Faucet,Home Improvement,4.417,0.782,37.5,24,22,0,0.599904264743512,0.399904264743512
Dermalogica,Personal Care,4.733,0.726,0.0,15,14,0,0.4793528123523427,0.3793528123523427
Disney,Featured Brands,4.917,0.933,83.333,24,24,0,0.8001532647435119,0.9501532647435119
Disney,Movies,4.722,0.937,98.31,3668,3614,22,0.9464582445818865,0.9964582445818867
Dremel,Home Improvement,1.0,0.162,0.0,1,0,1,0.10580070308808569,0.0
E.L.F.,Personal Care,5.0,0.778,0.0,1,1,0,0.4598007030880857,0.3598007030880857
Eagle Brand,Food,4.867,0.955,100.0,15,15,0,0.8433028123523427,1.0
Early California,Food,4.294,0.771,47.059,17,15,0,0.6124297843466541,0.41242978434665406
Ecotrin,Health,2.0,0.36,0.0,1,0,0,0.20530070308808568,0.005300703088085668
Eggo,Food & Beverage,4.778,0.933,100.0,27,27,0,0.8457059103014506,1.0
Era,Household Chemicals,4.909,0.974,100.0,11,11,0,0.8438024468054557,1.0
Every Man Jack,Personal Care,5.0,0.958,100.0,1,1,0,0.8048007030880857,1.0
Fan Mats,Sports & Outdoors,4.0,0.675,0.0,1,1,0,0.3840507030880857,0.1840507030880857
Fangio Lighting,Home,5.0,0.986,100.0,1,1,0,0.8118007030880857,1.0
Feit,Home,2.667,0.484,0.0,9,3,1,0.3051778354598417,0.10517783545984166
Fiber One,Food & Beverage,4.821,0.925,96.429,28,27,1,0.83591752481401,0.9859175248140101
Finish,Household Essentials,4.605,0.879,81.395,43,40,0,0.7777181422264764,0.9277181422264764
Fiskars,Home,5.0,0.958,100.0,5,5,0,0.8290517437173699,1.0
Fit System,Auto & Tires,1.0,0.336,0.0,1,0,0,0.14930070308808568,0.0
Foodsaver,Kitchen & Dining,4.31,0.817,81.261,587,493,76,0.8042944550560143,0.7542944550560143
Fox,Movies,4.068,0.809,86.715,3741,3249,276,0.8474081311715971,0.7974081311715971
Fox,Movies & TV Shows,4.304,0.867,92.867,757,705,28,0.8569183525626389,0.806918352562639
Gain,Household Essentials,4.333,0.687,16.667,6,6,0,0.4813555041252794,0.2813555041252794
General Electric,Home,4.25,0.834,75.0,4,3,0,0.6815271323717559,0.7315271323717559
Gone Fishing,Sports & Outdoors,1.0,0.294,0.0,1,0,1,0.13880070308808568,0.0
Guardian,Home,5.0,0.969,100.0,1,1,0,0.8075507030880856,1.0
Haagen-Dazs,Food,5.0,0.993,100.0,2,2,0,0.8225010406292841,1.0
Hagerty,Accessories,5.0,0.975,100.0,2,2,0,0.8180010406292841,1.0
Happy Family,Food,5.0,0.993,100.0,9,9,0,0.8490778354598416,1.0
Hawaiian Punch,Food,4.705,0.908,95.455,88,85,1,0.8476982745048074,0.9976982745048074
Head & Shoulders,Personal Care,4.308,0.827,65.664,565,522,14,0.759061700615586,0.709061700615586
Healthy Skoop,Health,5.0,0.996,100.0,1,1,0,0.8143007030880857,1.0
Heinz,Food,5.0,0.854,100.0,1,1,0,0.7788007030880858,1.0
Herbatint,Personal Care,5.0,0.782,0.0,2,2,0,0.46975104062928424,0.36975104062928427
Herr'S,Food,4.0,0.837,100.0,1,1,0,0.7245507030880857,0.8745507030880857
Hex Performance,Household Essentials,5.0,0.99,100.0,4,4,0,0.833027132371756,1.0
Hidden Valley,Food & Beverage,4.8,0.911,100.0,5,5,0,0.8073017437173698,1.0
Hollywood Beauty,Personal Care,4.333,0.755,50.0,6,5,1,0.5983545041252794,0.5983545041252794
Holmes,Home,3.5,0.619,43.75,32,21,9,0.5381827766795891,0.23818277667958912
Home Health,Personal Care,3.75,0.636,0.0,4,2,0,0.382027132371756,0.182027132371756
Honey Bunches Of Oats,Food,5.0,0.989,100.0,1,1,0,0.8125507030880857,1.0
Honeybee Gardens,Personal Care,4.333,0.717,0.0,3,3,0,0.4265014061761714,0.22650140617617137
Honeywell,Home,4.29,0.84,83.871,310,269,27,0.802814614894267,0.752814614894267
Hoover,Home,4.398,0.797,52.957,372,325,30,0.7087353933537937,0.6087353933537937
Horizon,Food & Beverage,1.0,0.212,0.0,1,0,1,0.1183007030880857,0.0
Hormel,Food,4.183,0.797,84.064,251,214,31,0.7826499915600191,0.6826499915600192
Hortense B. Hewitt,Party Supplies,5.0,0.792,0.0,1,1,0,0.4633007030880857,0.36330070308808565
Hubba Bubba,Food & Beverage,5.0,0.964,100.0,1,1,0,0.8063007030880857,1.0
Hugo Naturals,Personal Care,4.273,0.671,0.0,11,10,0,0.43625244680545555,0.23625244680545554
Hunter Fan,Home,5.0,0.979,100.0,2,2,0,0.8190010406292842,1.0
Idahoan,Food,4.909,0.965,100.0,11,11,0,0.8415524468054556,1.0
Idesign,Kitchen & Dining,4.842,0.829,47.368,19,19,0,0.6575825385479273,0.6075825385479272
Imagine Foods,Food,5.0,0.954,100.0,1,1,0,0.8038007030880857,1.0
Iman,Personal Care,4.235,0.884,94.118,17,16,1,0.7789067843466541,0.8289067843466541
Inc International Concepts,Furniture,5.0,0.991,100.0,1,1,0,0.8130507030880857,1.0
International Concepts,Home,4.75,0.792,25.0,4,4,0,0.5460271323717559,0.4460271323717559
International Delight,Food,4.746,0.917,92.537,67,66,0,0.837303461493726,0.987303461493726
Isoplus,Personal Care,5.0,0.95,100.0,3,3,0,0.8181014061761713,1.0
Istarusa,Pro Audio,3.0,0.451,0.0,1,0,0,0.27805070308808566,0.07805070308808565
J. Hunt,Home,5.0,0.853,40.0,5,5,0,0.62280174371737,0.57280174371737
J.A. Henckels,Kitchen & Dining,3.889,0.699,33.333,9,8,1,0.5200268354598416,0.3200268354598416
J.R. Watkins,Personal Care,4.5,0.869,70.0,10,9,0,0.705181736050305,0.855181736050305
Jack Link'S,Food,5.0,0.964,100.0,3,3,0,0.8216014061761713,1.0
Jake And The Neverland Pirates,Home,5.0,0.783,0.0,1,1,0,0.46105070308808566,0.3610507030880857
Jerdon,Beauty,4.111,0.783,77.778,9,7,1,0.6854618354598416,0.6854618354598416
Jergens,Personal Care,4.778,0.941,88.889,9,9,0,0.7916448354598417,0.9416448354598417
Jla Home,Home,4.444,0.824,66.667,9,8,1,0.6790288354598417,0.7290288354598418
Jnh Lifestyles,Patio & Garden,5.0,0.799,0.0,1,1,0,0.46505070308808566,0.3650507030880857
John Frieda,Personal Care,3.5,0.636,0.0,2,1,0,0.3582510406292842,0.1582510406292842
Johnson'S,Personal Care,3.812,0.766,81.25,16,13,2,0.6883910553175546,0.6883910553175546
Jolly Time,Food,4.704,0.925,96.296,27,26,0,0.8288939103014508,0.9788939103014508
Juice Beauty,Personal Care,4.133,0.69,0.0,60,54,0,0.46989445109547356,0.26989445109547355
Just For Men,Personal Care,4.19,0.83,88.702,416,382,28,0.8162818442846048,0.7662818442846049
K-Y,Personal Care,2.519,0.447,37.037,27,11,15,0.42236691030145074,0.12236691030145072
Karaoke Usa,Musical Instruments & Karaoke,2.6,0.522,40.0,5,2,1,0.4200517437173699,0.2200517437173699
Keebler,Food,3.647,0.624,0.0,34,23,3,0.4168316364970353,0.11683163649703529
Kenroy Home,Home,4.0,0.786,75.0,4,3,1,0.6570271323717559,0.6570271323717559
Keri,Personal Care,4.68,0.894,96.0,25,24,1,0.8174200325107221,0.9674200325107222
Kikkoman,Food,4.6,0.906,100.0,5,5,0,0.7960517437173699,1.0
Kind,Food,4.5,0.81,60.0,30,26,2,0.6833026867853191,0.8333026867853192
Kiss,Beauty,4.411,0.912,96.619,562,544,9,0.8782093881244175,0.8282093881244176
Klondike,Food,3.2,0.576,20.0,5,3,1,0.4035517437173699,0.2035517437173699
Kohler,Home Improvement,4.75,0.721,0.0,8,8,0,0.4662520812585684,0.3662520812585684
Kraus,Home Improvement,4.784,0.872,62.162,37,36,1,0.7239829807109961,0.8739829807109961
Krusteaz,Food & Beverage,4.875,0.93,93.75,16,15,0,0.8200410553175547,0.9700410553175547
L'Oreal Paris,Beauty,4.496,0.892,86.582,2288,2170,35,0.8783095235534111,0.8283095235534111
L'Oreal Paris,Personal Care,4.352,0.762,33.246,2683,2447,93,0.6821155933219499,0.3821155933219499
La Tortilla Factory,Food,5.0,0.964,100.0,1,1,0,0.8063007030880857,1.0
La Tourangelle,Food & Beverage,4.75,0.752,25.0,4,4,0,0.5360271323717559,0.4360271323717559
Lady Mitchum,Personal Care,4.424,0.812,72.727,33,28,5,0.7202227584056404,0.6702227584056405
Lay'S,Food,3.667,0.566,0.0,6,4,1,0.3678045041252793,0.1678045041252793
Ldr,Home Improvement,4.0,0.6,0.0,1,1,0,0.36530070308808565,0.16530070308808564
Lean Cuisine,Food,4.01,0.766,75.248,101,78,17,0.7198367990349246,0.6198367990349246
Lemi Shine,Household Essentials,4.794,0.916,92.908,423,411,6,0.8809673194517014,0.9309673194517013
Lionsgate,Featured Brands,4.66,0.919,96.226,53,52,1,0.8394818249759384,0.9894818249759384
Lionsgate,Movies,4.685,0.926,96.364,715,692,13,0.899951049350023,0.9499510493500231
Lionsgate,Movies & TV Shows,4.815,0.934,98.456,583,575,4,0.9102287770070212,0.9602287770070214
Lionsgate Home Entertainment,Movies,4.417,0.872,91.667,48,46,1,0.7997600082505587,0.8497600082505588
Lite Source,Home,3.5,0.652,37.5,8,5,1,0.4990020812585684,0.29900208125856836
Lucy'S,Food,2.0,0.283,0.0,1,0,1,0.1860507030880857,0.0
Lumisource,Home,4.645,0.877,87.097,31,28,1,0.7892945154404284,0.9392945154404284
Lundberg,Food,4.772,0.747,1.408,426,411,4,0.5632729552207529,0.36327295522075287
Lush Decor,Home,4.706,0.71,0.0,17,16,0,0.47660278434665415,0.3766027843466541
Lynk,Kitchen & Dining,5.0,0.969,100.0,3,3,0,0.8228514061761713,1.0
Lysol,Household Chemicals,4.369,0.81,73.214,336,289,32,0.7690659567048644,0.7190659567048645
Maaya Home,Furniture,4.333,0.833,66.667,27,24,1,0.6984569103014506,0.7484569103014507
Maple Grove Farms Of Vermont,Food,4.5,0.83,50.0,2,2,0,0.6067510406292842,0.7567510406292842
Maranatha,Food,3.947,0.726,63.158,19,15,4,0.6344525385479274,0.5344525385479274
Mario Badescu,Personal Care,3.0,0.544,0.0,5,3,0,0.32555174371736995,0.12555174371736993
Mars,Food & Beverage,4.6,0.842,90.0,10,9,1,0.763431736050305,0.913431736050305
Maybelline,Personal Care,3.613,0.63,17.655,742,511,126,0.5370411470328686,0.23704114703286863
Meguiars,Home,4.831,0.877,70.769,65,63,2,0.7655904797676749,0.9155904797676749
Metzeler,Auto & Tires,4.769,0.727,0.0,13,12,0,0.47845520721336504,0.37845520721336506
Mgm,Movies,4.667,0.948,100.0,3,3,0,0.8009514061761713,1.0
Michelin,Auto & Tires,4.909,0.715,0.0,11,11,0,0.4790524468054556,0.37905244680545563
Milani,Personal Care,4.083,0.808,83.333,24,20,4,0.7272032647435119,0.677203264743512
Mill Creek,Personal Care,4.6,0.749,6.667,15,14,0,0.49845381235234276,0.39845381235234273
Mineral Fusion,Personal Care,5.0,0.785,0.0,1,1,0,0.4615507030880857,0.36155070308808573
Mission Foods,Food,5.0,0.767,0.0,2,2,0,0.4660010406292842,0.36600104062928424
Mitchum,Personal Care,4.364,0.737,36.364,11,9,1,0.5663944468054556,0.3663944468054556
Moom,Personal Care,3.6,0.603,0.0,5,4,0,0.3703017437173699,0.1703017437173699
Mrs. Meyer'S,Household Chemicals,4.571,0.905,90.476,21,19,0,0.7944604391383907,0.9444604391383907
Mrs. Meyer'S,Household Essentials,4.414,0.783,27.586,29,28,0,0.5742868760891259,0.37428687608912586
Mrs. Meyer'S,Personal Care,4.833,0.922,90.0,30,29,1,0.8179526867853193,0.9679526867853193
Mrs. Smith'S,Food,4.636,0.896,90.909,11,10,0,0.7833794468054556,0.9333794468054556
Murray Cookies,Food,4.5,0.831,83.333,6,5,1,0.7257035041252793,0.8757035041252793
Musselman'S,Food,4.625,0.904,100.0,8,8,0,0.8057520812585685,1.0
National Mfg.,Kitchen & Dining,1.0,0.228,0.0,1,0,1,0.1223007030880857,0.0
Natralia,Personal Care,3.0,0.437,0.0,1,0,0,0.27455070308808566,0.07455070308808565
Nature Valley,Food & Beverage,4.73,0.914,93.651,63,60,3,0.8377572185285141,0.8877572185285142
Nature'S Path,Food,4.429,0.765,28.571,7,7,0,0.5443151092642571,0.34431510926425707
Naturtint,Personal Care,5.0,0.78,0.0,5,5,0,0.4845517437173699,0.38455174371736994
Nearly Natural,Home,4.0,0.753,50.0,10,8,0,0.591181736050305,0.591181736050305
Neato Robotics,Home,4.333,0.883,100.0,3,3,0,0.7680014061761714,0.9180014061761714
Nesco,Kitchen & Dining,4.9,0.927,90.0,10,10,0,0.799681736050305,0.949681736050305
Neutrogena,Personal Care,4.129,0.802,80.198,101,82,13,0.7496367990349244,0.6996367990349245
Newman'S Own,Food,4.091,0.797,81.818,11,9,1,0.7041064468054556,0.7041064468054556
Newman'S Own Organics,Food,3.333,0.541,0.0,6,3,0,0.3448545041252794,0.1448545041252794
Nexxus,Personal Care,1.55,0.28,12.29,773,102,532,0.3311984502356951,0.03119845023569509
Nielsen,Home,3.583,0.725,83.333,12,10,2,0.6670183294226364,0.6670183294226364
Nivea,Personal Care,4.577,0.88,85.135,222,204,11,0.823614253188558,0.873614253188558
No Brand,Home,4.0,0.688,33.333,3,2,0,0.5026004061761714,0.3026004061761714
No-Ad,Personal Care,1.0,0.3,0.0,1,0,0,0.14030070308808568,0.0
Nojo,Baby,4.0,0.745,75.0,8,6,1,0.6597520812585684,0.6597520812585684
Noosa,Food,5.0,0.974,100.0,1,1,0,0.8088007030880857,1.0
Nordic Games,Video Games,3.5,0.717,83.333,12,10,2,0.6608683294226363,0.6608683294226363
Nordicware,Party & Occasions,1.0,0.1,0.0,1,0,1,0.0903007030880857,0.0
Northwest,Home,4.5,0.714,0.0,8,8,0,0.4520020812585684,0.3520020812585684
Nourish Organic,Personal Care,3.0,0.48,0.0,3,1,0,0.30060140617617137,0.10060140617617136
Nutri-Grain,Food,4.531,0.898,93.75,32,31,1,0.8094827766795891,0.9594827766795891
Nyx,Personal Care,4.658,0.88,71.171,111,106,1,0.7705703164776221,0.9205703164776221
Obagi,Personal Care,4.9,0.724,0.0,10,10,0,0.47893173605030503,0.378931736050305
Ocean Potion,Personal Care,4.0,0.86,100.0,2,2,0,0.7392510406292843,0.8892510406292843
Ogx,Personal Care,4.789,0.867,57.895,38,38,0,0.7107553700519206,0.8607553700519206
Olay,Personal Care,4.194,0.737,24.561,3420,3093,64,0.6472663509445721,0.34726635094457203
Olivella,Personal Care,3.333,0.601,0.0,3,2,0,0.3475014061761714,0.1475014061761714
Olly,Health,3.179,0.56,3.571,28,17,5,0.38399352481401,0.08399352481400998
On-Stage,Pro Audio,5.0,0.774,0.0,2,2,0,0.46775104062928424,0.36775104062928426
One Grace Place,Home,4.0,0.798,75.0,4,4,0,0.660027132371756,0.660027132371756
Opti-Free,Personal Care,4.254,0.787,75.446,224,186,34,0.7553443460020804,0.6553443460020805
Orajel,Personal Care,4.475,0.834,85.246,61,54,7,0.7790913898734049,0.7290913898734049
Ore International,Home,4.75,0.873,75.0,4,4,0,0.7162771323717559,0.866277132371756
Organic Root Stimulator,Personal Care,4.0,0.872,100.0,1,1,0,0.7333007030880857,0.8833007030880857
Ortega,Food,5.0,0.773,50.0,2,2,0,0.6175010406292842,0.7175010406292842
Oxiclean,Household Chemicals,3.877,0.769,71.739,138,106,15,0.7102418036553206,0.6102418036553207
Oxy,Personal Care,3.833,0.623,0.0,12,7,1,0.4040193294226364,0.2040193294226364
Pacific Natural Foods,Food,5.0,0.96,100.0,1,1,0,0.8053007030880858,1.0
Palladio,Personal Care,5.0,0.779,0.0,1,1,0,0.46005070308808566,0.3600507030880857
Pantene,Beauty,4.201,0.822,86.609,463,406,42,0.8109103371663527,0.7609103371663528
Pantene,Personal Care,4.333,0.748,28.125,192,170,9,0.6041949308362856,0.30419493083628557
Paramount Pictures,Movies,4.579,0.922,98.171,328,322,2,0.8819066189211898,1.0
Peak,Home,3.0,0.469,0.0,1,0,0,0.28255070308808566,0.08255070308808565
Pearhead,Gift Finder,4.0,0.846,100.0,1,1,0,0.7268007030880858,0.8768007030880858
Pendaflex,School & Office Supplies,4.166,0.848,90.489,368,351,1,0.822243393760208,0.8722433937602081
Peppa Pig,Household Essentials,5.0,0.989,100.0,2,2,0,0.8215010406292842,1.0
Petmaker,Pets,4.5,0.741,25.0,4,4,0,0.520777132371756,0.420777132371756
Physician'S Formula,Personal Care,4.5,0.825,63.636,22,19,1,0.6913716783901884,0.8413716783901884
Pillow Perfect,Patio & Garden,2.0,0.46,0.0,1,0,0,0.2303007030880857,0.03030070308808569
Pinaud,Personal Care,5.0,0.747,0.0,7,7,0,0.48265210926425706,0.382652109264257
Pioneer,Home,4.167,0.787,66.667,12,10,1,0.6617203294226364,0.6617203294226364
Pirate'S Booty,Food,4.5,0.725,0.0,2,2,0,0.43050104062928424,0.33050104062928426
Plano,Sports & Outdoors,4.2,0.65,0.0,5,4,0,0.41205174371736997,0.21205174371736996
Planters,Food,4.833,0.923,97.619,42,41,1,0.848282665889041,0.998282665889041
Pleasant Hearth,Home,4.69,0.797,31.034,58,56,1,0.6168605746714766,0.5168605746714765
Pleasant Hearth,Home Improvement,4.0,0.71,27.778,54,43,3,0.5492928684220609,0.24929286842206091
Plum Organics,Food,4.5,0.928,100.0,2,2,0,0.7812510406292842,1.0
Porcelana,Personal Care,5.0,0.983,100.0,1,1,0,0.8110507030880857,1.0
Power Crunch,Food,4.475,0.858,87.5,40,35,4,0.7827243125016397,0.7327243125016397
Progresso,Food,4.172,0.812,82.759,29,24,3,0.7349558760891258,0.6849558760891259
Queen Helene,Personal Care,3.812,0.655,18.75,16,12,1,0.47314105531755457,0.27314105531755456
Quilted Northern,Household Essentials,4.826,0.926,95.83,1439,1410,20,0.9208227290707528,0.9708227290707528
Ragu,Food,4.483,0.864,91.667,60,55,5,0.8058954510954736,0.7558954510954736
Rc Cola,Food,5.0,0.948,100.0,2,2,0,0.8112510406292841,1.0
Reebok,Clothing,4.8,0.744,0.0,5,5,0,0.4655517437173699,0.3655517437173699
Reynolds,Household Essentials,5.0,0.836,50.0,2,2,0,0.6332510406292842,0.7832510406292842
Rizzy Home,Home,5.0,0.986,100.0,1,1,0,0.8118007030880857,1.0
Roommates,Home,4.667,0.925,91.667,12,11,0,0.7962203294226363,0.9462203294226363
Rubbermaid,Household Essentials,2.801,0.527,42.187,1939,874,751,0.5654728453534764,0.26547284535347637
Rubbermaid Lock-Its,Kitchen & Dining,2.429,0.525,28.571,14,4,0,0.3981911730010402,0.19819117300104017
Ruffles,Food & Beverage,5.0,0.954,100.0,2,2,0,0.8127510406292842,1.0
Sabra,Home,4.385,0.837,84.615,13,11,2,0.7406002072133651,0.7906002072133651
Safavieh,Home,4.2,0.751,40.0,5,5,0,0.55730174371737,0.35730174371736995
Safavieh,Patio & Garden,3.0,0.78,100.0,1,1,0,0.6603007030880857,0.7603007030880857
Sally Hansen,Personal Care,3.546,0.615,15.966,119,80,24,0.48462828226529725,0.18462828226529723
Samsung,Mobile,3.759,0.69,68.293,328,225,72,0.6932726189211897,0.5932726189211898
Sanrio,Featured Brands,5.0,0.986,100.0,1,1,0,0.8118007030880857,1.0
Sc Johnson,Household Chemicals,4.875,0.755,0.0,8,8,0,0.4810020812585684,0.38100208125856844
Sc252Nci,Featured Brands,4.2,0.77,60.0,10,7,1,0.635431736050305,0.635431736050305
Schwarzkopf,Beauty,4.1,0.675,0.0,10,8,0,0.426681736050305,0.226681736050305
Scotty,Sports & Outdoors,4.0,0.627,0.0,1,1,0,0.3720507030880857,0.17205070308808568
Sea Gull Lighting,Home,4.429,0.757,28.571,7,6,0,0.5423151092642571,0.34231510926425707
Season Seafood,Food,5.0,0.99,100.0,1,1,0,0.8128007030880857,1.0
Sebastian,Personal Care,3.5,0.55,0.0,2,1,0,0.33675104062928424,0.13675104062928423
Shea Moisture,Personal Care,4.376,0.773,43.564,101,88,8,0.6448347990349246,0.34483479903492453
Simple Green,Household Chemicals,5.0,0.923,75.0,4,4,0,0.741277132371756,0.891277132371756
Simply Shabby Chic,Brand Shop,4.75,0.76,0.0,12,12,0,0.48411932942263636,0.3841193294226363
Sinful,Personal Care,4.875,0.97,100.0,8,8,0,0.8347520812585684,1.0
Sizzix,Home,4.889,0.747,5.556,18,18,0,0.5128642776229104,0.4128642776229104
Skittles,Food & Beverage,3.0,0.599,50.0,4,2,1,0.48527713237175596,0.48527713237175596
Sloan Valve Company,Home Improvement,5.0,0.7,0.0,1,1,0,0.44030070308808567,0.34030070308808563
Smart Start,Food,5.0,0.983,100.0,4,4,0,0.8312771323717559,1.0
Smead,School & Office Supplies,4.81,0.94,95.041,121,119,0,0.8666681541835592,1.0
Smooth 'N Shine,Beauty,5.0,0.99,100.0,2,2,0,0.8217510406292842,1.0
Snyder'S Of Hanover,Food,4.0,0.863,100.0,4,4,0,0.751277132371756,0.901277132371756
Sobe,Food,4.0,0.868,100.0,1,1,0,0.7323007030880858,0.8823007030880858
Soft Scrub,Household Chemicals,4.375,0.757,37.5,8,7,1,0.5690020812585684,0.3690020812585684
Softsoap,Personal Care,4.539,0.875,90.071,141,128,10,0.8253091578304371,0.8753091578304372
Solo Foods,Food,4.462,0.779,46.154,13,12,1,0.6145672072133651,0.4145672072133651
Sony,Electronics,4.148,0.801,82.451,359,298,40,0.7849343228945815,0.7349343228945816
Sony,Movies,4.429,0.853,85.714,7,6,1,0.737744109264257,0.7877441092642571
Sony,Photography,4.75,0.965,100.0,4,4,0,0.814277132371756,1.0
Sony Music,Movies,4.652,0.875,66.667,66,65,0,0.7441664296090404,0.8941664296090405
Sony Music,Music on CD or Vinyl,4.698,0.913,94.413,179,171,5,0.8610196198064958,0.9110196198064958
Sony Pictures,Movies,4.357,0.848,89.82,2161,1948,128,0.8688134962741846,0.8188134962741846
Soothing Touch,Personal Care,4.5,0.699,0.0,6,5,0,0.44270450412527934,0.34270450412527936
South Shore,Furniture,3.5,0.637,0.0,6,5,0,0.37720450412527934,0.17720450412527933
Southern Enterprises,Furniture,5.0,0.948,100.0,1,1,0,0.8023007030880857,1.0
Spam,Food,4.625,0.91,100.0,8,8,0,0.8072520812585685,1.0
Stacy'S,Food,4.269,0.773,73.077,26,20,4,0.6986841218878527,0.5986841218878527
Stander,Health,4.692,0.894,84.615,13,13,0,0.7702002072133651,0.9202002072133652
Starbucks,Food & Beverage,4.857,0.892,85.714,7,6,0,0.768894109264257,0.9188941092642571
Starbucks Coffee,Food & Beverage,4.688,0.902,93.75,32,30,1,0.8183327766795891,0.9683327766795892
Stauffer'S,Food,4.733,0.734,0.0,15,14,0,0.48135281235234273,0.3813528123523427
Stonyfield,Food,5.0,0.982,100.0,1,1,0,0.8108007030880857,1.0
Storkcraft,Baby,4.237,0.85,88.346,266,237,25,0.8127223151340915,0.7627223151340916
Stridex,Personal Care,4.579,0.708,0.0,19,17,0,0.47207853854792736,0.37207853854792733
Suave,Personal Care,4.135,0.797,78.475,223,179,35,0.7608830195657078,0.6608830195657078
Summer'S Eve,Personal Care,4.833,0.921,97.222,36,35,0,0.8432742991987172,0.9932742991987172
Summit Entertainment,Movies,3.714,0.843,100.0,7,7,0,0.7423521092642571,0.8923521092642571
Summit Entertainment,Movies & TV Shows,4.586,0.914,96.806,814,791,11,0.8961858399347017,0.9461858399347017
Suncoat,Personal Care,3.4,0.558,0.0,5,4,0,0.3490517437173699,0.1490517437173699
Super Poligrip,Personal Care,4.583,0.824,70.833,24,22,1,0.718703264743512,0.868703264743512
Suzie'S,Food,5.0,0.749,0.0,1,1,0,0.4525507030880857,0.3525507030880857
Swann,Home,3.333,0.429,33.333,3,1,2,0.40450040617617145,0.20450040617617143
Swingline,School & Office Supplies,5.0,0.975,100.0,3,3,0,0.8243514061761713,1.0
Tai Pei,Food,3.7,0.68,70.0,20,14,6,0.6322055447545635,0.5322055447545635
Target.Com Use Only,Movies,4.523,0.893,93.051,331,318,5,0.8566969916900493,0.9066969916900492
Teamson,Home,4.0,0.85,100.0,1,1,0,0.7278007030880856,0.8778007030880857
Teenage Mutant Ninja Turtles,Kids' Rooms,4.4,0.72,0.0,5,4,0,0.43955174371736994,0.23955174371736992
The Honest Company,Household Chemicals,4.462,0.738,7.692,39,35,1,0.512105241636013,0.312105241636013
The Honest Company,Personal Care,5.0,0.848,25.0,4,4,0,0.5725271323717559,0.522527132371756
The Laundress,Household Chemicals,4.667,0.938,88.889,9,9,0,0.7853448354598417,0.9353448354598417
The Seaweed Bath Co.,Personal Care,4.111,0.734,33.333,9,7,0,0.5398768354598417,0.33987683545984165
Tide,Household Chemicals,4.604,0.858,59.968,1886,1848,8,0.791104395145556,0.841104395145556
Tide,Household Essentials,3.933,0.729,62.321,3498,2679,677,0.7459939995874239,0.6459939995874239
Tillamook,Food,5.0,0.953,100.0,6,6,0,0.8312045041252792,1.0
Tim Holtz,Home,5.0,0.753,14.286,7,7,0,0.5270101092642571,0.42701010926425703
Timekeeper,Home,5.0,0.993,100.0,1,1,0,0.8135507030880856,1.0
Tom'S Of Maine,Personal Care,4.63,0.788,25.926,27,26,0,0.5798339103014507,0.4798339103014507
Tostitos,Food,4.624,0.889,94.425,287,272,13,0.8617305966989969,0.9117305966989969
Touch Of Color,Party & Occasions,3.0,0.66,100.0,1,1,0,0.6303007030880857,0.7303007030880857
Toy Story,Holiday Shop,2.0,0.402,0.0,4,0,1,0.23602713237175602,0.036027132371756004
Tramontina,Kitchen & Dining,5.0,0.974,100.0,4,4,0,0.829027132371756,1.0
Tree Hut,Personal Care,4.31,0.843,86.207,29,25,3,0.7599498760891258,0.7099498760891259
Trend,School & Office Supplies,3.333,0.634,66.667,6,4,2,0.5681055041252794,0.5681055041252794
Trend Lab,Baby,4.364,0.705,0.0,11,10,0,0.44930244680545556,0.24930244680545555
Trend Lab,Home,3.0,0.593,0.0,2,2,0,0.32250104062928425,0.12250104062928424
Tresemme,Personal Care,4.448,0.848,86.207,58,51,6,0.7830295746714765,0.7330295746714766
Udi'S,Food,1.0,0.386,0.0,1,0,0,0.1618007030880857,0.0
Umgd,Movies,4.697,0.933,100.0,33,32,0,0.8459417584056403,1.0
Universal,Movies,4.0,0.89,100.0,2,2,0,0.7467510406292841,0.8967510406292841
Universal,Movies & TV Shows,4.333,0.814,83.333,6,5,1,0.7131035041252793,0.7631035041252794
Universal Home Entertainment,Movies,5.0,0.798,16.667,12,12,0,0.5561203294226363,0.4561203294226363
Universal Home Video,Featured Brands,4.685,0.93,97.459,5510,5377,60,0.9492856437489585,0.9992856437489587
Universal Home Video,Movies,4.491,0.898,94.91,668,634,21,0.8773902938178421,0.8273902938178421
Universal Music,Movies,5.0,0.776,0.0,1,1,0,0.4593007030880857,0.35930070308808565
Universal Music,Music on CD or Vinyl,4.618,0.905,94.118,34,32,1,0.8179856364970353,0.9679856364970353
Universal Studios Home Entert.,Movies,4.757,0.939,98.571,70,69,0,0.8624084547423514,1.0
Ust,Home,4.667,0.778,33.333,9,8,1,0.5786768354598417,0.4786768354598417
Uttermost,Home,5.0,0.787,0.0,2,2,0,0.4710010406292842,0.37100104062928424
Vaseline,Personal Care,4.744,0.92,91.86,258,248,5,0.8654428033239966,0.9154428033239966
Vicks,Personal Care,4.356,0.779,63.366,101,87,13,0.7047407990349245,0.6047407990349245
Voortman,Food,5.0,0.942,100.0,4,4,0,0.821027132371756,1.0
Vornado,Home,4.182,0.783,72.727,22,17,3,0.6922446783901886,0.5922446783901886
Wagan,Home,3.0,0.575,60.0,5,3,2,0.5133017437173699,0.5133017437173699
Walkers,Food,5.0,0.978,100.0,1,1,0,0.8098007030880857,1.0
Warner Bros.,Featured Brands,4.36,0.893,100.0,25,25,0,0.8131700325107221,0.9631700325107221
Warner Bros.,Movies,4.541,0.904,95.356,1895,1814,48,0.9057234274537899,0.9557234274537899
Warner Home Video,Movies,4.35,0.868,93.123,3330,3109,125,0.8929138438254394,0.8429138438254394
Warner Manufacturing,Movies,4.286,0.763,28.571,7,7,0,0.536665109264257,0.336665109264257
Warner Music Group,Music on CD or Vinyl,4.693,0.915,95.122,205,197,4,0.8663748623528446,0.9163748623528446
Way Basics,Home,3.818,0.639,0.0,11,8,2,0.4055024468054556,0.2055024468054556
Wea,Movies,4.308,0.836,87.692,65,57,7,0.7799594797676749,0.729959479767675
Weather Tech,Auto & Tires,4.833,0.744,0.0,12,12,0,0.48426932942263634,0.3842693294226363
Weleda,Personal Care,4.625,0.752,0.0,8,7,0,0.46775208125856843,0.36775208125856845
Wet N Wild,Personal Care,5.0,0.976,100.0,2,2,0,0.8182510406292842,1.0
Wheat Thins,Food,4.5,0.856,91.667,12,11,1,0.7706203294226364,0.9206203294226364
Wild Planet,Food,4.875,0.836,37.5,8,8,0,0.6137520812585685,0.5637520812585686
Wilton,Kitchen & Dining,5.0,0.964,100.0,1,1,0,0.8063007030880857,1.0
Windex,Household Essentials,4.129,0.78,79.31,348,280,62,0.7686263124045828,0.6686263124045828
Wish-Bone,Food,4.8,0.949,100.0,5,5,0,0.8168017437173699,1.0
Yardley,Personal Care,5.0,0.782,0.0,1,1,0,0.4608007030880857,0.3608007030880857
Yes To Carrots,Personal Care,4.667,0.894,81.818,66,61,3,0.7951194296090405,0.8451194296090405
Yes To Grapefruit,Personal Care,3.846,0.767,79.487,39,32,6,0.7039402416360131,0.6039402416360131
Yosemite Home Decor,Home,1.0,0.448,100.0,1,0,0,0.47730070308808564,0.5773007030880857
Zyliss,Kitchen & Dining,4.644,0.747,10.169,59,55,2,0.5398365791772116,0.4398365791772116
